company_name,profile_url
1 HOUR SIGNS - NIAGARA,https://www.ontariosignassociation.com/Sys/PublicProfile/78761162/4884325
3D Custom Signs and Plaques,https://www.ontariosignassociation.com/Sys/PublicProfile/65279346/4884325
3M Canada,https://www.ontariosignassociation.com/Sys/PublicProfile/49157217/4884325
6ix Signs Ltd.,https://www.ontariosignassociation.com/Sys/PublicProfile/64736846/4884325
AG Event Graphics group of companies,https://www.ontariosignassociation.com/Sys/PublicProfile/49157256/4884325
AGC Signs Inc.,https://www.ontariosignassociation.com/Sys/PublicProfile/49157200/4884325
Allanson International Inc.,https://www.ontariosignassociation.com/Sys/PublicProfile/67118371/4884325
Altec Industries Ltd.,https://www.ontariosignassociation.com/Sys/PublicProfile/63797095/4884325
Artcal Graphics & Printing Inc,https://www.ontariosignassociation.com/Sys/PublicProfile/49157203/4884325
artech signs & graphics,https://www.ontariosignassociation.com/Sys/PublicProfile/69660697/4884325
Atara Sign Manufacturing Corp.,https://www.ontariosignassociation.com/Sys/PublicProfile/49157329/4884325
A-tec Signs,https://www.ontariosignassociation.com/Sys/PublicProfile/49157304/4884325
Auto Trim Design of London,https://www.ontariosignassociation.com/Sys/PublicProfile/49157235/4884325
B.M.R. Mfg. Inc.,https://www.ontariosignassociation.com/Sys/PublicProfile/75301216/4884325
BoardOp Canada Ltd.,https://www.ontariosignassociation.com/Sys/PublicProfile/76920876/4884325
Bolde Imaging,https://www.ontariosignassociation.com/Sys/PublicProfile/49157300/4884325
Bolt Signs,https://www.ontariosignassociation.com/Sys/PublicProfile/49157247/4884325
Branditt Inc.,https://www.ontariosignassociation.com/Sys/PublicProfile/77769880/4884325
Brooklin Bulletin Signs,https://www.ontariosignassociation.com/Sys/PublicProfile/49157283/4884325
Brooks Signs,https://www.ontariosignassociation.com/Sys/PublicProfile/49157244/4884325
Burlington Signs National,https://www.ontariosignassociation.com/Sys/PublicProfile/49157336/4884325
C17media,https://www.ontariosignassociation.com/Sys/PublicProfile/62909508/4884325
Calibre Signs,https://www.ontariosignassociation.com/Sys/PublicProfile/49157271/4884325
CJ Graphics/ Sign Division,https://www.ontariosignassociation.com/Sys/PublicProfile/74869535/4884325
Commercial Press & Design Inc.,https://www.ontariosignassociation.com/Sys/PublicProfile/49157281/4884325
Consolidated Sign & Lighting Services Inc,https://www.ontariosignassociation.com/Sys/PublicProfile/50542387/4884325
Country Signs,https://www.ontariosignassociation.com/Sys/PublicProfile/49157263/4884325
Cox Signs Limited,https://www.ontariosignassociation.com/Sys/PublicProfile/49157324/4884325
Creative Silhouettes Inc.,https://www.ontariosignassociation.com/Sys/PublicProfile/53413257/4884325
Daktronics Canada,https://www.ontariosignassociation.com/Sys/PublicProfile/49157239/4884325
Day Nite Neon Signs Ltd.,https://www.ontariosignassociation.com/Sys/PublicProfile/49157274/4884325
Duplicators Inc,https://www.ontariosignassociation.com/Sys/PublicProfile/63672260/4884325
Eastern Sign Service,https://www.ontariosignassociation.com/Sys/PublicProfile/49157356/4884325
EM Plastic & Electric Products Ltd.,https://www.ontariosignassociation.com/Sys/PublicProfile/49157209/4884325
Epilog Laser,https://www.ontariosignassociation.com/Sys/PublicProfile/67118406/4884325
Excellent Sign Group,https://www.ontariosignassociation.com/Sys/PublicProfile/49157306/4884325
Express Signs Service Inc.,https://www.ontariosignassociation.com/Sys/PublicProfile/49157330/4884325
Extensia International Systems Inc.,https://www.ontariosignassociation.com/Sys/PublicProfile/78136459/4884325
FASTSIGNS - Mississauga North,https://www.ontariosignassociation.com/Sys/PublicProfile/57668798/4884325
FASTSIGNS Etobicoke,https://www.ontariosignassociation.com/Sys/PublicProfile/57864219/4884325
FASTSIGNS of London,https://www.ontariosignassociation.com/Sys/PublicProfile/63163693/4884325
"FASTSIGNS of Peterborough, ON",https://www.ontariosignassociation.com/Sys/PublicProfile/78527379/4884325
FASTSIGNS Scarborough,https://www.ontariosignassociation.com/Sys/PublicProfile/49157296/4884325
Federated Insurance,https://www.ontariosignassociation.com/Sys/PublicProfile/50764506/4884325
Forward Signs Inc.,https://www.ontariosignassociation.com/Sys/PublicProfile/49157213/4884325
Gateway Signs & Service,https://www.ontariosignassociation.com/Sys/PublicProfile/49157211/4884325
GBL Sign Service & Installation,https://www.ontariosignassociation.com/Sys/PublicProfile/49157248/4884325
Gemini Canada,https://www.ontariosignassociation.com/Sys/PublicProfile/49157208/4884325
Get Wrapped.ca,https://www.ontariosignassociation.com/Sys/PublicProfile/49157319/4884325
Gorway Signs,https://www.ontariosignassociation.com/Sys/PublicProfile/49157305/4884325
GRIMCO Canada,https://www.ontariosignassociation.com/Sys/PublicProfile/60942040/4884325
GTSIGNS.COM - GOLDEN TRIANGLE SIGNS,https://www.ontariosignassociation.com/Sys/PublicProfile/49157198/4884325
Hi-Impact Signs,https://www.ontariosignassociation.com/Sys/PublicProfile/49157340/4884325
Hiker Enterprises Ltd.,https://www.ontariosignassociation.com/Sys/PublicProfile/69348224/4884325
Imaged Advertising Creations Inc,https://www.ontariosignassociation.com/Sys/PublicProfile/49157322/4884325
Impact Graphics and Signs,https://www.ontariosignassociation.com/Sys/PublicProfile/76672230/4884325
Infotech Media,https://www.ontariosignassociation.com/Sys/PublicProfile/78655992/4884325
International Nameplate Supplies Ltd,https://www.ontariosignassociation.com/Sys/PublicProfile/49157315/4884325
JD Sign Group,https://www.ontariosignassociation.com/Sys/PublicProfile/49157261/4884325
John Labonte Sign Services Inc,https://www.ontariosignassociation.com/Sys/PublicProfile/49157342/4884325
Jones Neon Displays Ltd,https://www.ontariosignassociation.com/Sys/PublicProfile/70958638/4884325
KB Media Corp,https://www.ontariosignassociation.com/Sys/PublicProfile/62248952/4884325
King Printing & Signs,https://www.ontariosignassociation.com/Sys/PublicProfile/49157327/4884325
Konica Minolta Business Solutions (Canada) Ltd.,https://www.ontariosignassociation.com/Sys/PublicProfile/67118417/4884325
Kwik Signs,https://www.ontariosignassociation.com/Sys/PublicProfile/49157343/4884325
LÃ©ger's Awnings Ltd.,https://www.ontariosignassociation.com/Sys/PublicProfile/77256241/4884325
Made 2 Measure Signworks,https://www.ontariosignassociation.com/Sys/PublicProfile/49157351/4884325
Mammoth Sign Service Inc.,https://www.ontariosignassociation.com/Sys/PublicProfile/49157282/4884325
Mark's Sign Service,https://www.ontariosignassociation.com/Sys/PublicProfile/49157246/4884325
McBain Signs & Graphic Design,https://www.ontariosignassociation.com/Sys/PublicProfile/49157298/4884325
Media Resources Inc,https://www.ontariosignassociation.com/Sys/PublicProfile/60864763/4884325
Miller McConnell Signs,https://www.ontariosignassociation.com/Sys/PublicProfile/49157195/4884325
Minoh Inc.,https://www.ontariosignassociation.com/Sys/PublicProfile/49157237/4884325
Modern Age Plastics Inc.,https://www.ontariosignassociation.com/Sys/PublicProfile/49157333/4884325
Modern Signs,https://www.ontariosignassociation.com/Sys/PublicProfile/49157238/4884325
Modulex Canada,https://www.ontariosignassociation.com/Sys/PublicProfile/57139215/4884325
Mr Print Canada Inc,https://www.ontariosignassociation.com/Sys/PublicProfile/66765272/4884325
MYC Graphics Inc.,https://www.ontariosignassociation.com/Sys/PublicProfile/49157362/4884325
ND Graphics Inc.,https://www.ontariosignassociation.com/Sys/PublicProfile/49157268/4884325
New Style Signs Ltd.,https://www.ontariosignassociation.com/Sys/PublicProfile/49157230/4884325
Nummax - Libertevision,https://www.ontariosignassociation.com/Sys/PublicProfile/53190489/4884325
Ontario Sign Association,https://www.ontariosignassociation.com/Sys/PublicProfile/54280372/4884325
Orafol,https://www.ontariosignassociation.com/Sys/PublicProfile/64448886/4884325
OUTBOX Solutions,https://www.ontariosignassociation.com/Sys/PublicProfile/77172743/4884325
Pattison ID,https://www.ontariosignassociation.com/Sys/PublicProfile/49157252/4884325
Pattison Outdoor Advertising LP,https://www.ontariosignassociation.com/Sys/PublicProfile/64317493/4884325
PayLite Merchant Services Inc.,https://www.ontariosignassociation.com/Sys/PublicProfile/76727337/4884325
Permit World Consulting Services Inc,https://www.ontariosignassociation.com/Sys/PublicProfile/49157285/4884325
Philcan Group Inc.,https://www.ontariosignassociation.com/Sys/PublicProfile/61617237/4884325
Piedmont Plastics Inc.,https://www.ontariosignassociation.com/Sys/PublicProfile/49157259/4884325
Plaskolite,https://www.ontariosignassociation.com/Sys/PublicProfile/69520576/4884325
Price Signs & Decals - 2873384 Ontario Inc,https://www.ontariosignassociation.com/Sys/PublicProfile/49157264/4884325
Pride Signs Ltd.,https://www.ontariosignassociation.com/Sys/PublicProfile/67988418/4884325
Principal Industries,https://www.ontariosignassociation.com/Sys/PublicProfile/56819904/4884325
PRO-LEDSIGN TECHNOLOGY INC.,https://www.ontariosignassociation.com/Sys/PublicProfile/68577568/4884325
Raynbow Signs Inc.,https://www.ontariosignassociation.com/Sys/PublicProfile/49157210/4884325
Rea Sign Group Inc.,https://www.ontariosignassociation.com/Sys/PublicProfile/49157196/4884325
Roland's Sign & Lighting,https://www.ontariosignassociation.com/Sys/PublicProfile/49157240/4884325
Salco Lighting & Electrical Inc,https://www.ontariosignassociation.com/Sys/PublicProfile/62181657/4884325
Select Signs Inc.,https://www.ontariosignassociation.com/Sys/PublicProfile/79392278/4884325
Sign Association of Canada,https://www.ontariosignassociation.com/Sys/PublicProfile/48521239/4884325
Sign Fix Ltd.,https://www.ontariosignassociation.com/Sys/PublicProfile/76610263/4884325
Sign FX Inc.,https://www.ontariosignassociation.com/Sys/PublicProfile/65121982/4884325
Sign Media Canada,https://www.ontariosignassociation.com/Sys/PublicProfile/68421880/4884325
Sign Pros Inc.,https://www.ontariosignassociation.com/Sys/PublicProfile/49157260/4884325
Sign Spec Canada Inc.,https://www.ontariosignassociation.com/Sys/PublicProfile/49157350/4884325
Signafied,https://www.ontariosignassociation.com/Sys/PublicProfile/69605449/4884325
Signage & Lighting Systems Inc,https://www.ontariosignassociation.com/Sys/PublicProfile/49157314/4884325
SignAgent,https://www.ontariosignassociation.com/Sys/PublicProfile/90116282/4884325
Signarama Toronto,https://www.ontariosignassociation.com/Sys/PublicProfile/49157219/4884325
Signarama,https://www.ontariosignassociation.com/Sys/PublicProfile/78721291/4884325
Signature Sign & Image,https://www.ontariosignassociation.com/Sys/PublicProfile/49157287/4884325
Signs Alive Inc.,https://www.ontariosignassociation.com/Sys/PublicProfile/49157303/4884325
Signs Outlet,https://www.ontariosignassociation.com/Sys/PublicProfile/49157194/4884325
Signworks,https://www.ontariosignassociation.com/Sys/PublicProfile/83792200/4884325
Spectra Advertising,https://www.ontariosignassociation.com/Sys/PublicProfile/49157218/4884325
Spicers Canada,https://www.ontariosignassociation.com/Sys/PublicProfile/50753650/4884325
SSK Signs,https://www.ontariosignassociation.com/Sys/PublicProfile/49157359/4884325
SSP Installation,https://www.ontariosignassociation.com/Sys/PublicProfile/67353873/4884325
STANCO SIGNS INC.,https://www.ontariosignassociation.com/Sys/PublicProfile/52797535/4884325
stardust signs inc,https://www.ontariosignassociation.com/Sys/PublicProfile/56847455/4884325
Steel Art Signs Corp,https://www.ontariosignassociation.com/Sys/PublicProfile/60889742/4884325
Stellar Outdoor Advertising Inc.,https://www.ontariosignassociation.com/Sys/PublicProfile/49157201/4884325
Studio Signs,https://www.ontariosignassociation.com/Sys/PublicProfile/82113492/4884325
Summerlee Signs,https://www.ontariosignassociation.com/Sys/PublicProfile/76902201/4884325
Tagg Design Inc.,https://www.ontariosignassociation.com/Sys/PublicProfile/77774795/4884325
The Media Works,https://www.ontariosignassociation.com/Sys/PublicProfile/70486481/4884325
The Sign & Graphics Manufaktur Inc.,https://www.ontariosignassociation.com/Sys/PublicProfile/79045642/4884325
Tooper Pro LED Lighting Inc.,https://www.ontariosignassociation.com/Sys/PublicProfile/78046668/4884325
Twilight Signs,https://www.ontariosignassociation.com/Sys/PublicProfile/49157367/4884325
Ultimate Co Inc,https://www.ontariosignassociation.com/Sys/PublicProfile/73967838/4884325
Upright Signage Management & Installation Inc.,https://www.ontariosignassociation.com/Sys/PublicProfile/49157202/4884325
Vivid Signs And Graphics Inc.,https://www.ontariosignassociation.com/Sys/PublicProfile/49157353/4884325
Westmount Signs,https://www.ontariosignassociation.com/Sys/PublicProfile/49157366/4884325
Wholesale Custom Signs Inc.,https://www.ontariosignassociation.com/Sys/PublicProfile/49157223/4884325
Wm. Whiteley Limited,https://www.ontariosignassociation.com/Sys/PublicProfile/49157207/4884325
WRI Supply,https://www.ontariosignassociation.com/Sys/PublicProfile/50766565/4884325
Yesco Franchising,https://www.ontariosignassociation.com/Sys/PublicProfile/59227697/4884325
Zip Signs Ltd.,https://www.ontariosignassociation.com/Sys/PublicProfile/49157294/4884325
